InvoiceNo,StockCode,Description,Quantity,InvoiceDate,UnitPrice,CustomerID,Country
577022,82494L,WOODEN FRAME ANTIQUE WHITE ,6,2011-11-17 12:42:00,2.95,13668.0,United Kingdom
556576,22139,RETROSPOT TEA SET CERAMIC 11 PC ,2,2011-06-13 13:55:00,4.95,14606.0,United Kingdom
561923,21123,SET/10 IVORY POLKADOT PARTY CANDLES,24,2011-08-01 12:16:00,1.25,14112.0,United Kingdom
573511,22417,PACK OF 60 SPACEBOY CAKE CASES,24,2011-10-31 12:25:00,0.55,12347.0,Iceland
557893,23171,REGENCY TEA PLATE GREEN ,12,2011-06-23 14:12:00,1.65,15228.0,United Kingdom
545515,22715,CARD WEDDING DAY,12,2011-03-03 12:06:00,0.42,12727.0,France
548212,22857,ASSORTED EASTER GIFT TAGS,12,2011-03-30 09:12:00,0.85,12456.0,Switzerland
545428,22423,REGENCY CAKESTAND 3 TIER,4,2011-03-02 14:43:00,12.75,14239.0,United Kingdom
578074,23491,VINTAGE JINGLE BELLS HEART,5,2011-11-22 16:06:00,8.25,17590.0,United Kingdom
573876,21917,SET 12 KIDS  WHITE CHALK STICKS,2,2011-11-01 12:48:00,0.42,16360.0,United Kingdom
541225,22312,OFFICE MUG WARMER POLKADOT,2,2011-01-14 14:47:00,2.95,14099.0,United Kingdom
580054,23350,ROLL WRAP VINTAGE SPOT ,3,2011-12-01 13:08:00,1.25,18122.0,United Kingdom
543734,22926,IVORY GIANT GARDEN THERMOMETER,6,2011-02-11 12:22:00,5.95,17512.0,United Kingdom
543132,22029,SPACEBOY BIRTHDAY CARD,12,2011-02-03 15:27:00,0.42,15235.0,United Kingdom
574659,85099C,JUMBO  BAG BAROQUE BLACK WHITE,2,2011-11-06 11:44:00,2.08,16942.0,United Kingdom
565649,23206,LUNCH BAG APPLE DESIGN,3,2011-09-05 16:27:00,1.65,16712.0,United Kingdom
565766,72800E,4 IVORY DINNER CANDLES SILVER FLOCK,1,2011-09-06 14:23:00,2.55,17841.0,United Kingdom
542401,21041,RED RETROSPOT OVEN GLOVE DOUBLE,1,2011-01-27 15:51:00,2.95,14541.0,United Kingdom
565541,82616B,FRAPPUCINO SCARF KNITTING KIT,2,2011-09-05 12:00:00,1.25,14159.0,United Kingdom
553731,23160,REGENCY TEA SPOON,12,2011-05-19 08:26:00,1.25,12481.0,Germany
574737,22557,PLASTERS IN TIN VINTAGE PAISLEY ,12,2011-11-06 15:53:00,1.65,14868.0,United Kingdom
548611,21790,VINTAGE SNAP CARDS,24,2011-04-01 11:31:00,0.85,18230.0,United Kingdom
574740,22969,HOMEMADE JAM SCENTED CANDLES,96,2011-11-06 16:07:00,1.25,12357.0,Switzerland
551056,21899,"KEY FOB , GARAGE DESIGN",1,2011-04-26 11:51:00,0.65,16442.0,United Kingdom
578270,21703,BAG 125g SWIRLY MARBLES,1,2011-11-23 13:39:00,0.83,14096.0,United Kingdom
561113,20718,RED RETROSPOT SHOPPER BAG,4,2011-07-25 12:09:00,1.25,17841.0,United Kingdom
564353,22956,36 FOIL HEART CAKE CASES,12,2011-08-24 15:08:00,2.1,15764.0,United Kingdom
581251,22193,RED DINER WALL CLOCK,2,2011-12-08 11:02:00,8.5,18210.0,United Kingdom
576779,21156,RETROSPOT CHILDRENS APRON,3,2011-11-16 13:25:00,1.95,14554.0,United Kingdom
557442,22545,MINI JIGSAW BUNNIES,4,2011-06-20 12:53:00,0.42,14808.0,United Kingdom
539590,22890,NOVELTY BISCUITS CAKE STAND 3 TIER,12,2010-12-20 13:21:00,8.5,14733.0,United Kingdom
576560,23203,JUMBO BAG VINTAGE DOILY ,1,2011-11-15 13:21:00,2.08,12877.0,United Kingdom
563924,21899,GARAGE KEY FOB,1,2011-08-21 14:32:00,0.65,15984.0,United Kingdom
556063,23209,LUNCH BAG DOILEY PATTERN ,2,2011-06-08 14:09:00,1.65,14587.0,United Kingdom
555815,22771,CLEAR DRAWER KNOB ACRYLIC EDWARDIAN,12,2011-06-07 11:47:00,1.25,13089.0,United Kingdom
549976,21577,SAVE THE PLANET COTTON TOTE BAG,6,2011-04-13 14:39:00,2.25,15855.0,United Kingdom
578323,22507,MEMO BOARD RETROSPOT  DESIGN,4,2011-11-23 17:19:00,4.95,15743.0,United Kingdom
578678,23582,VINTAGE DOILY JUMBO BAG RED ,1,2011-11-24 19:59:00,2.08,17841.0,United Kingdom
552265,22747,POPPY'S PLAYHOUSE BATHROOM,2,2011-05-08 11:41:00,2.1,14161.0,United Kingdom
543024,21864,UNION JACK FLAG PASSPORT COVER ,36,2011-02-02 14:39:00,1.69,13777.0,United Kingdom
540473,21207,SKULL AND CROSSBONES  GARLAND ,3,2011-01-07 14:31:00,1.65,17284.0,United Kingdom
547382,21181,PLEASE ONE PERSON METAL SIGN,2,2011-03-22 15:31:00,2.1,15457.0,United Kingdom
556782,21470,FLOWER VINE RAFFIA FOOD COVER,3,2011-06-14 13:04:00,3.75,14871.0,United Kingdom
549993,22963,JAM JAR WITH GREEN LID,24,2011-04-14 08:26:00,0.85,14057.0,United Kingdom
537781,21983,PACK OF 12 BLUE PAISLEY TISSUES ,1,2010-12-08 12:46:00,0.29,17341.0,United Kingdom
542795,22720,SET OF 3 CAKE TINS PANTRY DESIGN ,6,2011-02-01 10:59:00,4.95,18055.0,United Kingdom
579868,23354,6 GIFT TAGS 50'S CHRISTMAS ,24,2011-11-30 16:43:00,0.83,15544.0,United Kingdom
561615,22840,ROUND CAKE TIN VINTAGE RED,4,2011-07-28 12:57:00,7.95,13319.0,United Kingdom
547375,22150,3 STRIPEY MICE FELTCRAFT,6,2011-03-22 14:24:00,1.95,13196.0,United Kingdom
536500,22113,GREY HEART HOT WATER BOTTLE,3,2010-12-01 12:35:00,3.75,17377.0,United Kingdom
565434,22411,JUMBO SHOPPER VINTAGE RED PAISLEY,2,2011-09-04 13:35:00,2.08,12867.0,United Kingdom
566851,22635,CHILDS BREAKFAST SET DOLLY GIRL ,2,2011-09-15 12:16:00,9.95,15573.0,United Kingdom
578078,23176,ABC TREASURE BOOK BOX ,8,2011-11-22 16:24:00,2.25,12586.0,Italy
553402,21379,CAMPHOR WOOD PORTOBELLO MUSHROOM,2,2011-05-16 17:13:00,1.25,17898.0,United Kingdom
574706,21892,TRADITIONAL WOODEN CATCH CUP GAME ,12,2011-11-06 14:06:00,1.25,16790.0,United Kingdom
574839,20802,SMALL GLASS SUNDAE DISH CLEAR,6,2011-11-07 11:40:00,1.65,15493.0,United Kingdom
540357,21209,MULTICOLOUR HONEYCOMB FAN,48,2011-01-06 15:14:00,0.65,13093.0,United Kingdom
563928,85071C,"CHARLIE+LOLA""EXTREMELY BUSY"" SIGN",2,2011-08-21 15:17:00,0.39,17059.0,United Kingdom
573152,21212,PACK OF 72 RETROSPOT CAKE CASES,4,2011-10-27 20:16:00,0.55,17530.0,United Kingdom
566571,23298,SPOTTY BUNTING,6,2011-09-13 12:49:00,4.95,17037.0,United Kingdom
566891,85049A,TRADITIONAL CHRISTMAS RIBBONS,12,2011-09-15 13:51:00,1.25,14894.0,United Kingdom
539653,84692,BOX OF 24 COCKTAIL PARASOLS,10,2010-12-20 16:50:00,0.42,13564.0,United Kingdom
576593,22587,FELTCRAFT HAIRBAND RED AND BLUE,1,2011-11-15 14:48:00,0.85,15720.0,United Kingdom
555383,22326,ROUND SNACK BOXES SET OF4 WOODLAND ,3,2011-06-02 15:13:00,2.95,12517.0,Germany
574740,22191,IVORY DINER WALL CLOCK,6,2011-11-06 16:07:00,8.5,12357.0,Switzerland
570225,35933,PINK STOCKING CHRISTMAS DECORATION,2,2011-10-09 13:15:00,0.38,16595.0,United Kingdom
545340,84997A,CHILDRENS CUTLERY POLKADOT GREEN ,4,2011-03-02 08:41:00,4.15,15416.0,United Kingdom
542646,21466,RED FLOWER CROCHET FOOD COVER,1,2011-01-31 11:42:00,3.75,17220.0,United Kingdom
537350,20975,12 PENCILS SMALL TUBE RED RETROSPOT,24,2010-12-06 12:23:00,0.65,14708.0,United Kingdom
573564,22074,6 RIBBONS SHIMMERING PINKS ,12,2011-10-31 13:58:00,1.65,16127.0,United Kingdom
551560,23073,GEORGIAN TRINKET BOX,12,2011-05-03 10:43:00,11.15,16133.0,United Kingdom
575965,22909,SET OF 20 VINTAGE CHRISTMAS NAPKINS,12,2011-11-13 12:32:00,0.85,13426.0,United Kingdom
558370,22996,TRAVEL CARD WALLET VINTAGE TICKET,24,2011-06-28 15:44:00,0.42,17750.0,United Kingdom
549291,22967,SET 3 SONG BIRD PAPER EGGS ASSORTED,1,2011-04-07 19:05:00,2.95,16261.0,United Kingdom
581191,90200E,GREEN SWEETHEART BRACELET,3,2011-12-07 16:56:00,4.25,17449.0,United Kingdom
538879,22759,SET OF 3 NOTEBOOKS IN PARCEL,24,2010-12-14 15:50:00,1.65,15392.0,United Kingdom
547520,20750,RED RETROSPOT MINI CASES,2,2011-03-23 14:55:00,7.95,12564.0,France
536945,85227,SET OF 6 3D KIT CARDS FOR KIDS,2,2010-12-03 12:24:00,0.85,14083.0,United Kingdom
548718,21169,YOU'RE CONFUSING ME METAL SIGN ,144,2011-04-04 08:50:00,1.45,14156.0,EIRE
536559,51014L,"FEATHER PEN,LIGHT PINK",12,2010-12-01 14:54:00,0.85,17873.0,United Kingdom
541265,35922,EASTER BUNNY WREATH,1,2011-01-16 16:23:00,4.95,17609.0,United Kingdom
537690,22708,WRAP DOLLY GIRL,25,2010-12-08 10:38:00,0.42,13983.0,United Kingdom
553673,22925,BLUE GIANT GARDEN THERMOMETER,2,2011-05-18 12:46:00,5.95,16814.0,United Kingdom
571039,21704,BAG 250g SWIRLY MARBLES,3,2011-10-13 12:59:00,0.85,16121.0,United Kingdom
568538,22328,ROUND SNACK BOXES SET OF 4 FRUITS ,60,2011-09-27 14:07:00,2.95,15061.0,United Kingdom
540471,21670,BLUE SPOT CERAMIC DRAWER KNOB,12,2011-01-07 14:21:00,1.25,15601.0,United Kingdom
541038,22282,12 EGG HOUSE PAINTED WOOD,1,2011-01-13 12:10:00,12.75,16395.0,United Kingdom
542345,22079,RIBBON REEL HEARTS DESIGN ,1,2011-01-27 11:55:00,1.65,15910.0,United Kingdom
540098,21977,PACK OF 60 PINK PAISLEY CAKE CASES,1,2011-01-04 15:50:00,0.55,16241.0,United Kingdom
567375,22969,HOMEMADE JAM SCENTED CANDLES,12,2011-09-20 09:45:00,1.45,14766.0,United Kingdom
577404,84029E,RED WOOLLY HOTTIE WHITE HEART.,4,2011-11-20 10:16:00,4.25,17243.0,United Kingdom
560688,23309,SET OF 60 I LOVE LONDON CAKE CASES ,11,2011-07-20 11:54:00,0.55,16393.0,United Kingdom
573150,84380,SET OF 3 BUTTERFLY COOKIE CUTTERS,3,2011-10-27 20:07:00,1.45,15014.0,United Kingdom
569524,22796,PHOTO FRAME 3 CLASSIC HANGING,1,2011-10-04 14:42:00,9.95,14506.0,United Kingdom
578815,23407,SET OF 2 TRAYS HOME SWEET HOME,2,2011-11-25 13:42:00,9.95,13860.0,United Kingdom
560398,21915,RED  HARMONICA IN BOX ,24,2011-07-18 14:10:00,1.25,12731.0,France
540268,22704,WRAP RED APPLES ,25,2011-01-06 11:25:00,0.42,13458.0,United Kingdom
537204,21817,GLITTER CHRISTMAS TREE,6,2010-12-05 14:45:00,0.85,15555.0,United Kingdom
565648,22812,PACK 3 BOXES CHRISTMAS PANNETONE,3,2011-09-05 16:22:00,1.95,18196.0,United Kingdom
577010,22734,SET OF 6 RIBBONS VINTAGE CHRISTMAS,5,2011-11-17 12:11:00,2.89,15506.0,United Kingdom
569521,22950,36 DOILIES VINTAGE CHRISTMAS,1,2011-10-04 14:33:00,1.45,16474.0,United Kingdom
563540,22551,PLASTERS IN TIN SPACEBOY,12,2011-08-17 12:04:00,1.65,12473.0,Germany
541838,22776,SWEETHEART CAKESTAND 3 TIER,3,2011-01-23 10:43:00,9.95,12916.0,United Kingdom
537886,22960,JAM MAKING SET WITH JARS,12,2010-12-09 09:49:00,3.75,15660.0,United Kingdom
563565,21918,SET 12 KIDS COLOUR  CHALK STICKS,4,2011-08-17 14:22:00,0.42,17338.0,United Kingdom
563349,23203,JUMBO BAG VINTAGE DOILY ,5,2011-08-15 13:51:00,2.08,14623.0,United Kingdom
575747,22086,PAPER CHAIN KIT 50'S CHRISTMAS ,6,2011-11-11 10:19:00,2.95,12589.0,France
537224,22829,SWEETHEART WIRE WALL TIDY,2,2010-12-05 16:24:00,9.95,13174.0,United Kingdom
569012,20974,12 PENCILS SMALL TUBE SKULL,24,2011-09-30 08:18:00,0.65,15187.0,United Kingdom
580679,22917,HERB MARKER ROSEMARY,12,2011-12-05 14:49:00,0.65,18198.0,United Kingdom
566737,84665,SQUARE CHERRY BLOSSOM CABINET,4,2011-09-14 14:26:00,5.95,13430.0,United Kingdom
566563,22759,SET OF 3 NOTEBOOKS IN PARCEL,12,2011-09-13 12:22:00,1.65,12909.0,United Kingdom
544943,22120,WELCOME  WOODEN BLOCK LETTERS,6,2011-02-25 10:39:00,9.95,15845.0,United Kingdom
573384,82486,3 DRAWER ANTIQUE WHITE WOOD CABINET,2,2011-10-30 14:19:00,8.95,15478.0,United Kingdom
572933,22573,STAR WOODEN CHRISTMAS DECORATION,12,2011-10-27 10:15:00,0.85,13458.0,United Kingdom
538638,21985,PACK OF 12 HEARTS DESIGN TISSUES ,2,2010-12-13 14:16:00,0.29,17231.0,United Kingdom
565732,23203,JUMBO BAG VINTAGE DOILY ,10,2011-09-06 12:10:00,2.08,17068.0,United Kingdom
565326,21636,MADRAS NOTEBOOK MEDIUM,2,2011-09-02 13:41:00,0.75,16706.0,United Kingdom
544659,22842,BISCUIT TIN VINTAGE RED,1,2011-02-22 13:20:00,6.75,18114.0,United Kingdom
548003,22362,GLASS JAR PEACOCK BATH SALTS,6,2011-03-29 10:39:00,2.95,18044.0,United Kingdom
545234,22768,FAMILY PHOTO FRAME CORNICE,2,2011-03-01 10:26:00,9.95,18075.0,United Kingdom
580531,21232,STRAWBERRY CERAMIC TRINKET POT,24,2011-12-04 15:47:00,1.25,12569.0,Germany
562968,22466,FAIRY TALE COTTAGE NIGHTLIGHT,12,2011-08-11 10:55:00,1.95,14291.0,United Kingdom
559125,23255,CHILDRENS CUTLERY CIRCUS PARADE,4,2011-07-06 12:32:00,4.15,13985.0,United Kingdom
580727,21872,GLAMOROUS  MUG,1,2011-12-05 17:17:00,3.29,14096.0,United Kingdom
554283,22377,BOTTLE BAG RETROSPOT ,5,2011-05-23 14:11:00,2.1,17686.0,United Kingdom
548874,21673,WHITE SPOT BLUE CERAMIC DRAWER KNOB,12,2011-04-04 15:18:00,1.25,17716.0,United Kingdom
570601,22963,JAM JAR WITH GREEN LID,24,2011-10-11 12:08:00,0.85,17620.0,United Kingdom
559536,22375,AIRLINE BAG VINTAGE JET SET BROWN,1,2011-07-10 12:17:00,4.25,16283.0,United Kingdom
563565,23168,CLASSIC CAFE SUGAR DISPENSER,3,2011-08-17 14:22:00,1.25,17338.0,United Kingdom
541277,20974,12 PENCILS SMALL TUBE SKULL,10,2011-01-17 11:46:00,0.65,12673.0,Germany
557805,21930,JUMBO STORAGE BAG SKULLS,10,2011-06-23 10:27:00,2.08,17651.0,United Kingdom
575607,23300,GARDENERS KNEELING PAD CUP OF TEA ,5,2011-11-10 12:37:00,3.29,14096.0,United Kingdom
565317,23240,SET OF 4 KNICK KNACK TINS DOILY ,12,2011-09-02 13:00:00,4.15,12921.0,United Kingdom
552779,21155,RED RETROSPOT PEG BAG,6,2011-05-11 12:13:00,2.55,13013.0,United Kingdom
580385,22632,HAND WARMER RED RETROSPOT,3,2011-12-04 10:11:00,2.1,16326.0,United Kingdom
543836,22986,GINGHAM ROSE WRAP,25,2011-02-14 10:52:00,0.42,15236.0,United Kingdom
562046,22943,CHRISTMAS LIGHTS 10 VINTAGE BAUBLES,3,2011-08-02 10:34:00,4.95,12378.0,Switzerland
564059,21908,CHOCOLATE THIS WAY METAL SIGN,12,2011-08-22 14:35:00,2.1,15796.0,United Kingdom
568188,22502,PICNIC BASKET WICKER SMALL,1,2011-09-25 14:33:00,2.0,16049.0,United Kingdom
571435,22734,SET OF 6 RIBBONS VINTAGE CHRISTMAS,6,2011-10-17 13:23:00,2.89,14211.0,United Kingdom
558707,23120,PACK OF 6 SMALL FRUIT STRAWS,2,2011-07-01 12:58:00,0.42,12748.0,United Kingdom
541855,85062,PEARL CRYSTAL PUMPKIN T-LIGHT HLDR,2,2011-01-23 14:59:00,1.65,13742.0,United Kingdom
563178,23031,DRAWER KNOB CRACKLE GLAZE PINK,6,2011-08-12 14:12:00,1.65,16011.0,United Kingdom
569110,21669,BLUE STRIPE CERAMIC DRAWER KNOB,12,2011-09-30 12:44:00,1.45,17675.0,United Kingdom
577695,21802,CHRISTMAS TREE HEART DECORATION,1,2011-11-21 11:55:00,0.42,15645.0,United Kingdom
552460,22385,JUMBO BAG SPACEBOY DESIGN,10,2011-05-09 14:44:00,2.08,13178.0,United Kingdom
546248,20725,LUNCH BAG RED RETROSPOT,10,2011-03-10 13:46:00,1.65,16477.0,United Kingdom
555719,POST,POSTAGE,5,2011-06-06 15:31:00,18.0,12609.0,Germany
536851,22333,RETROSPOT PARTY BAG + STICKER SET,32,2010-12-03 09:49:00,1.65,12967.0,United Kingdom
538311,22383,LUNCH BAG SUKI  DESIGN ,10,2010-12-10 13:48:00,1.65,12785.0,Portugal
540248,22495,SET OF 2 ROUND TINS CAMEMBERT ,2,2011-01-05 15:57:00,2.95,15034.0,United Kingdom
553044,22554,PLASTERS IN TIN WOODLAND ANIMALS,12,2011-05-13 09:24:00,1.65,12682.0,France
580436,23480,MINI LIGHTS WOODLAND MUSHROOMS,20,2011-12-04 12:17:00,3.75,13318.0,United Kingdom
555947,23004,TRAVEL CARD WALLET PANTRY,24,2011-06-08 10:45:00,0.42,14911.0,EIRE
536861,21328,BALLOONS  WRITING SET ,12,2010-12-03 10:44:00,1.65,12427.0,Germany
571315,23093,SMALL PARISIENNE HEART PHOTO FRAME ,8,2011-10-17 10:47:00,2.49,16542.0,United Kingdom
537034,22431,WATERING CAN BLUE ELEPHANT,24,2010-12-03 17:20:00,1.95,13081.0,United Kingdom
547872,22352,LUNCH BOX WITH CUTLERY RETROSPOT ,1,2011-03-27 14:34:00,2.55,16777.0,United Kingdom
568241,75049L,LARGE CIRCULAR MIRROR MOBILE,96,2011-09-26 12:10:00,0.85,15218.0,United Kingdom
538638,84849B,FAIRY SOAP SOAP HOLDER,1,2010-12-13 14:16:00,1.69,17231.0,United Kingdom
542090,20972,PINK CREAM FELT CRAFT TRINKET BOX ,6,2011-01-25 12:39:00,1.25,15518.0,United Kingdom
541115,22519,CHILDS GARDEN BRUSH PINK,6,2011-01-13 15:34:00,2.1,12578.0,Italy
571883,22577,WOODEN HEART CHRISTMAS SCANDINAVIAN,20,2011-10-19 13:58:00,0.29,14704.0,United Kingdom
575077,23439,HAND WARMER RED LOVE HEART,12,2011-11-08 13:22:00,2.1,15406.0,United Kingdom
558910,22301,COFFEE MUG CAT + BIRD DESIGN,72,2011-07-05 09:16:00,2.1,12989.0,United Kingdom
546846,22966,GINGERBREAD MAN COOKIE CUTTER,1,2011-03-17 12:47:00,1.25,13533.0,United Kingdom
570115,21231,SWEETHEART CERAMIC TRINKET BOX,72,2011-10-07 12:37:00,1.06,13798.0,United Kingdom
573993,23198,PANTRY MAGNETIC  SHOPPING LIST,12,2011-11-02 11:23:00,1.45,16790.0,United Kingdom
564053,23203,JUMBO BAG VINTAGE DOILY ,20,2011-08-22 13:42:00,2.08,14188.0,United Kingdom
551533,20675,BLUE POLKADOT BOWL,2,2011-05-01 14:58:00,1.25,15407.0,United Kingdom
579167,22894,TABLECLOTH RED APPLES DESIGN ,2,2011-11-28 14:06:00,9.95,16800.0,United Kingdom
541797,21715,GIRLS VINTAGE TIN SEASIDE BUCKET,1,2011-01-21 14:04:00,2.55,12970.0,United Kingdom
563213,23295,SET OF 12 MINI LOAF BAKING CASES,6,2011-08-14 12:55:00,0.83,16115.0,United Kingdom
568204,23370,SET 36 COLOURING PENCILS DOILY,16,2011-09-25 15:25:00,1.25,13670.0,United Kingdom
568082,21485,RETROSPOT HEART HOT WATER BOTTLE,24,2011-09-23 14:38:00,4.25,14944.0,United Kingdom
569213,22588,CARD HOLDER GINGHAM HEART,2,2011-10-02 12:11:00,2.89,13782.0,United Kingdom
576599,22489,PACK OF 12 TRADITIONAL CRAYONS,6,2011-11-15 15:06:00,0.42,14544.0,United Kingdom
547488,21745,GAOLERS KEYS DECORATIVE GARDEN ,1,2011-03-23 11:30:00,3.75,13821.0,United Kingdom
552108,21931,JUMBO STORAGE BAG SUKI,1,2011-05-06 11:36:00,2.08,17841.0,United Kingdom
548741,22983,CARD BILLBOARD FONT,12,2011-04-04 12:00:00,0.42,16224.0,United Kingdom
547860,85203,HANGING WOOD AND FELT BUTTERFLY ,5,2011-03-27 12:21:00,0.42,17625.0,United Kingdom
565800,21524,DOORMAT SPOTTY HOME SWEET HOME,2,2011-09-07 10:23:00,8.25,14911.0,EIRE
543529,82486,WOOD S/3 CABINET ANT WHITE FINISH,1,2011-02-09 12:16:00,8.95,18109.0,United Kingdom
567661,85071B,RED CHARLIE+LOLA PERSONAL DOORSIGN,1,2011-09-21 15:06:00,0.39,13959.0,United Kingdom
563854,21988,PACK OF 6 SKULL PAPER PLATES,12,2011-08-19 15:24:00,0.85,12364.0,Belgium
562260,23014,GLASS APOTHECARY BOTTLE ELIXIR,12,2011-08-03 15:38:00,3.45,13408.0,United Kingdom
538146,22502,PICNIC BASKET WICKER SMALL,4,2010-12-09 16:10:00,5.95,15596.0,United Kingdom
558700,10125,MINI FUNKY DESIGN TAPES,3,2011-07-01 12:33:00,0.85,17920.0,United Kingdom
561885,21217,RED RETROSPOT ROUND CAKE TINS,2,2011-07-31 13:13:00,9.95,15532.0,United Kingdom
560279,22427,ENAMEL FLOWER JUG CREAM,3,2011-07-17 15:47:00,5.95,14198.0,United Kingdom
580405,23040,PAPER LANTERN 9 POINT SNOW STAR ,3,2011-12-04 12:02:00,5.75,14720.0,United Kingdom
552185,21155,RED RETROSPOT PEG BAG,6,2011-05-06 13:52:00,2.55,12921.0,United Kingdom
564510,21311,SET/4 BIRD MIRROR MAGNETS ,24,2011-08-25 14:42:00,0.29,14194.0,United Kingdom
564647,23309,SET OF 60 I LOVE LONDON CAKE CASES ,6,2011-08-26 13:56:00,0.55,17920.0,United Kingdom
547715,20998,ROSE DU SUD OVEN GLOVE,6,2011-03-25 08:50:00,2.95,12520.0,Germany
572752,23118,PARISIENNE JEWELLERY DRAWER ,2,2011-10-25 17:22:00,7.5,17449.0,United Kingdom
579692,22467,GUMBALL COAT RACK,6,2011-11-30 14:05:00,2.55,12433.0,Norway
573153,22326,ROUND SNACK BOXES SET OF4 WOODLAND ,96,2011-10-28 07:39:00,2.55,12678.0,France
550477,22413,METAL SIGN TAKE IT OR LEAVE IT ,3,2011-04-18 14:01:00,2.95,17338.0,United Kingdom
544484,22749,FELTCRAFT PRINCESS CHARLOTTE DOLL,8,2011-02-21 11:10:00,3.75,15321.0,United Kingdom
575086,22568,FELTCRAFT CUSHION OWL,4,2011-11-08 13:52:00,3.75,16618.0,United Kingdom
575610,22866,HAND WARMER SCOTTY DOG DESIGN,12,2011-11-10 12:45:00,2.1,16628.0,United Kingdom
559672,21899,GARAGE KEY FOB,4,2011-07-11 14:04:00,0.65,14796.0,United Kingdom
575039,23301,GARDENERS KNEELING PAD KEEP CALM ,6,2011-11-08 11:53:00,1.65,15005.0,United Kingdom
569843,21992,VINTAGE PAISLEY STATIONERY SET,1,2011-10-06 13:29:00,1.25,14449.0,United Kingdom
581146,22930,BAKING MOULD HEART MILK CHOCOLATE,3,2011-12-07 13:53:00,2.55,17602.0,United Kingdom
579455,23570,TRADITIONAL PICK UP STICKS GAME ,12,2011-11-29 14:14:00,1.25,15239.0,United Kingdom
574863,47566,PARTY BUNTING,4,2011-11-07 12:29:00,4.95,15719.0,United Kingdom
542526,85188A,GREEN METAL SWINGING BUNNY,10,2011-01-28 12:43:00,0.85,14659.0,United Kingdom
572037,22971,QUEENS GUARD COFFEE MUG,2,2011-10-20 12:07:00,2.55,17365.0,United Kingdom
558565,21034,REX CASH+CARRY JUMBO SHOPPER,2,2011-06-30 13:58:00,0.95,14803.0,United Kingdom
581125,20971,PINK BLUE FELT CRAFT TRINKET BOX,2,2011-12-07 12:41:00,1.25,14087.0,United Kingdom
572865,23194,GYMKHANA TREASURE BOOK BOX,1,2011-10-26 13:01:00,2.25,17841.0,United Kingdom
547789,22763,KEY CABINET MA CAMPAGNE,2,2011-03-25 12:04:00,9.95,14911.0,EIRE
554105,22470,HEART OF WICKER LARGE,2,2011-05-22 14:04:00,2.95,14711.0,United Kingdom
553673,21586,KINGS CHOICE GIANT TUBE MATCHES,3,2011-05-18 12:46:00,2.55,16814.0,United Kingdom
546242,21169,YOU'RE CONFUSING ME METAL SIGN ,2,2011-03-10 13:07:00,1.69,16743.0,United Kingdom
577303,23390,DOLLY GIRL MINI BACKPACK,3,2011-11-18 13:02:00,4.15,14390.0,United Kingdom
564301,23236,STORAGE TIN VINTAGE DOILY ,6,2011-08-24 11:54:00,2.89,14299.0,United Kingdom
553129,23254,CHILDRENS CUTLERY DOLLY GIRL ,1,2011-05-13 12:34:00,4.15,17765.0,United Kingdom
549434,84279B,CHERRY BLOSSOM DECORATIVE FLASK,12,2011-04-08 12:30:00,3.39,12647.0,Germany
568159,22624,IVORY KITCHEN SCALES,2,2011-09-25 12:22:00,8.5,17719.0,United Kingdom
552253,22384,LUNCH BAG PINK POLKADOT,10,2011-05-08 10:20:00,1.65,14201.0,United Kingdom
564187,23346,SPACEBOY BEAKER,2,2011-08-23 15:24:00,1.25,15005.0,United Kingdom
571225,23145,ZINC T-LIGHT HOLDER STAR LARGE,12,2011-10-14 13:41:00,0.95,14397.0,United Kingdom
578627,23199,JUMBO BAG APPLES,10,2011-11-24 15:41:00,2.08,14709.0,United Kingdom
576075,23308,SET OF 60 VINTAGE LEAF CAKE CASES ,6,2011-11-13 16:16:00,0.55,15861.0,United Kingdom
576091,23301,GARDENERS KNEELING PAD KEEP CALM ,12,2011-11-14 09:00:00,1.65,16779.0,United Kingdom
574920,22457,NATURAL SLATE HEART CHALKBOARD ,6,2011-11-07 16:34:00,2.95,13985.0,United Kingdom
542641,22841,ROUND CAKE TIN VINTAGE GREEN,2,2011-01-31 11:25:00,7.95,17314.0,United Kingdom
573311,22535,MAGIC DRAWING SLATE BUNNIES ,2,2011-10-28 16:45:00,0.42,14071.0,United Kingdom
561631,23166,MEDIUM CERAMIC TOP STORAGE JAR,48,2011-07-28 14:27:00,1.04,14911.0,EIRE
570388,21673,WHITE SPOT BLUE CERAMIC DRAWER KNOB,12,2011-10-10 12:37:00,1.45,14911.0,EIRE
565224,21918,SET 12 KIDS COLOUR  CHALK STICKS,12,2011-09-01 19:11:00,0.42,14713.0,United Kingdom
569823,23284,DOORMAT KEEP CALM AND COME IN,1,2011-10-06 12:15:00,8.25,16895.0,United Kingdom
549813,15044A,PINK PAPER PARASOL ,2,2011-04-12 12:16:00,2.95,17972.0,United Kingdom
569424,15044D,RED PAPER PARASOL,1,2011-10-04 10:49:00,2.95,15529.0,United Kingdom
575329,23439,HAND WARMER RED LOVE HEART,1,2011-11-09 13:50:00,2.1,17038.0,United Kingdom
569835,22382,LUNCH BAG SPACEBOY DESIGN ,3,2011-10-06 13:05:00,1.65,15518.0,United Kingdom
547357,85213,MINI  ZINC GARDEN DECORATIONS ,12,2011-03-22 12:15:00,0.85,17613.0,United Kingdom
538374,22964,3 PIECE SPACEBOY COOKIE CUTTER SET,1,2010-12-12 11:17:00,2.1,14159.0,United Kingdom
579143,21485,RETROSPOT HEART HOT WATER BOTTLE,3,2011-11-28 13:08:00,4.95,13882.0,United Kingdom
578251,23554,LANDMARK FRAME OXFORD STREET,1,2011-11-23 12:45:00,12.5,15993.0,United Kingdom
558542,21754,HOME BUILDING BLOCK WORD,4,2011-06-30 12:23:00,5.95,13593.0,United Kingdom
537392,22694,WICKER STAR ,3,2010-12-06 13:58:00,2.1,17068.0,United Kingdom
579116,23350,ROLL WRAP VINTAGE SPOT ,1,2011-11-28 11:54:00,1.25,17346.0,United Kingdom
563533,21465,PINK FLOWER CROCHET FOOD COVER,1,2011-08-17 11:14:00,3.75,16241.0,United Kingdom
580385,22866,HAND WARMER SCOTTY DOG DESIGN,2,2011-12-04 10:11:00,2.1,16326.0,United Kingdom
557007,22563,HAPPY STENCIL CRAFT,12,2011-06-16 11:30:00,1.25,12484.0,Spain
556415,22697,GREEN REGENCY TEACUP AND SAUCER,24,2011-06-10 12:19:00,2.55,12409.0,Switzerland
574480,22593,CHRISTMAS GINGHAM STAR,12,2011-11-04 12:42:00,0.85,15010.0,United Kingdom
548743,22193,RED DINER WALL CLOCK,4,2011-04-04 12:05:00,8.5,14895.0,United Kingdom
566816,21915,RED  HARMONICA IN BOX ,48,2011-09-15 10:53:00,1.25,12731.0,France
569702,23511,EMBROIDERED RIBBON REEL EMILY ,6,2011-10-05 16:09:00,2.08,14396.0,United Kingdom
553653,22727,ALARM CLOCK BAKELIKE RED ,4,2011-05-18 11:08:00,3.75,16701.0,United Kingdom
565152,23082,SET 6 PAPER TABLE LANTERN HEARTS ,1,2011-09-01 14:42:00,3.75,17799.0,United Kingdom
579843,21094,SET/6 RED SPOTTY PAPER PLATES,12,2011-11-30 16:21:00,0.85,12921.0,United Kingdom
566587,21704,BAG 250g SWIRLY MARBLES,12,2011-09-13 14:30:00,0.85,14132.0,United Kingdom
580727,22418,10 COLOUR SPACEBOY PEN,3,2011-12-05 17:17:00,1.63,14096.0,United Kingdom
544460,22273,FELTCRAFT DOLL MOLLY,1,2011-02-20 14:01:00,2.95,16931.0,United Kingdom
557888,21644,ASSORTED TUTTI FRUTTI HEART BOX,1,2011-06-23 13:51:00,1.25,14656.0,United Kingdom
571509,82483,WOOD 2 DRAWER CABINET WHITE FINISH,2,2011-10-17 15:28:00,6.95,13110.0,United Kingdom
565434,23204,CHARLOTTE BAG APPLES DESIGN,3,2011-09-04 13:35:00,0.85,12867.0,United Kingdom
580501,82582,AREA PATROLLED METAL SIGN,6,2011-12-04 13:00:00,2.1,14546.0,United Kingdom
581216,21930,JUMBO STORAGE BAG SKULLS,20,2011-12-08 09:06:00,2.08,16523.0,United Kingdom
569302,84945,MULTI COLOUR SILVER T-LIGHT HOLDER,12,2011-10-03 12:04:00,0.85,16205.0,United Kingdom
545503,85123A,WHITE HANGING HEART T-LIGHT HOLDER,2,2011-03-03 11:34:00,2.95,15719.0,United Kingdom
562365,22695,WICKER WREATH SMALL,1,2011-08-04 13:51:00,1.45,14344.0,United Kingdom
569343,23527,ANIMALS AND NATURE WALL ART,120,2011-10-03 14:34:00,3.29,18102.0,United Kingdom
550290,22383,LUNCH BAG SUKI  DESIGN ,10,2011-04-15 14:45:00,1.65,15246.0,United Kingdom
550632,21181,PLEASE ONE PERSON METAL SIGN,1,2011-04-19 14:56:00,2.1,16907.0,United Kingdom
572096,85150,LADIES & GENTLEMEN METAL SIGN,2,2011-10-20 15:20:00,2.55,16813.0,United Kingdom
565236,23202,JUMBO BAG VINTAGE LEAF,10,2011-09-02 09:45:00,2.08,14276.0,United Kingdom
558926,20713,JUMBO BAG OWLS,10,2011-07-05 10:21:00,2.08,17469.0,United Kingdom
550251,22420,LIPSTICK PEN BABY PINK,12,2011-04-15 11:44:00,0.42,14323.0,United Kingdom
580358,22988,SOLDIERS EGG CUP ,4,2011-12-02 16:07:00,1.25,17238.0,United Kingdom
578998,23267,SET OF 4 SANTA PLACE SETTINGS,1,2011-11-27 16:05:00,1.25,15436.0,United Kingdom
580852,21933,PINK VINTAGE PAISLEY PICNIC BAG,10,2011-12-06 11:53:00,1.65,16790.0,United Kingdom
574475,21679,SKULLS  STICKERS,12,2011-11-04 12:18:00,0.85,14132.0,United Kingdom
566726,22349,DOG BOWL CHASING BALL DESIGN,1,2011-09-14 13:12:00,3.75,15021.0,United Kingdom
578270,21329,DINOSAURS  WRITING SET ,1,2011-11-23 13:39:00,3.29,14096.0,United Kingdom
577504,85123A,WHITE HANGING HEART T-LIGHT HOLDER,6,2011-11-20 12:36:00,2.95,14159.0,United Kingdom
537755,21313,GLASS HEART T-LIGHT HOLDER ,96,2010-12-08 11:31:00,0.64,16525.0,United Kingdom
570424,72351A,SET/6 TURQUOISE BUTTERFLY T-LIGHTS,2,2011-10-10 13:41:00,2.1,17372.0,United Kingdom
560937,22175,PINK OWL SOFT TOY,1,2011-07-22 10:52:00,2.95,17920.0,United Kingdom
571205,23090,VINTAGE GLASS T-LIGHT HOLDER,12,2011-10-14 12:41:00,0.83,15620.0,United Kingdom
550493,22757,LARGE RED BABUSHKA NOTEBOOK ,1,2011-04-18 14:50:00,1.25,15311.0,United Kingdom
555471,84978,HANGING HEART JAR T-LIGHT HOLDER,18,2011-06-03 11:42:00,1.25,16117.0,United Kingdom
580404,22460,EMBOSSED GLASS TEALIGHT HOLDER,12,2011-12-04 12:01:00,1.25,13596.0,United Kingdom
553227,23070,EDWARDIAN HEART PHOTO FRAME,8,2011-05-16 10:46:00,4.15,14211.0,United Kingdom
542900,22844,VINTAGE CREAM DOG FOOD CONTAINER,2,2011-02-01 14:24:00,8.5,14180.0,United Kingdom
561247,23293,SET OF 12 FAIRY CAKE BAKING CASES,12,2011-07-26 11:38:00,0.83,16592.0,United Kingdom
556479,22911,PAPER CHAIN KIT LONDON,6,2011-06-12 12:50:00,2.95,16983.0,United Kingdom
542599,21358,TOAST ITS - HAPPY BIRTHDAY,3,2011-01-30 11:01:00,1.25,17062.0,United Kingdom
572045,35599D,PINK AND WHITE CHRISTMAS TREE 120CM,3,2011-10-20 12:11:00,1.95,14527.0,United Kingdom
562607,20972,PINK CREAM FELT CRAFT TRINKET BOX ,12,2011-08-08 11:45:00,1.25,12885.0,United Kingdom
539642,15056P,EDWARDIAN PARASOL PINK,2,2010-12-20 15:35:00,5.95,15867.0,United Kingdom
550637,23201,JUMBO BAG ALPHABET,5,2011-04-19 15:39:00,2.08,14415.0,United Kingdom
537224,21143,ANTIQUE GLASS HEART DECORATION ,12,2010-12-05 16:24:00,1.95,13174.0,United Kingdom
536752,21068,VINTAGE BILLBOARD LOVE/HATE MUG,6,2010-12-02 14:06:00,1.06,17850.0,United Kingdom
579510,21328,BALLOONS  WRITING SET ,12,2011-11-29 16:44:00,1.65,14554.0,United Kingdom
560393,84508C,BLUE CIRCLES DESIGN TEDDY,2,2011-07-18 13:33:00,2.55,14808.0,United Kingdom
569230,22364,GLASS JAR DIGESTIVE BISCUITS,1,2011-10-02 15:07:00,2.95,16533.0,United Kingdom
571737,23208,LUNCH BAG VINTAGE LEAF DESIGN,10,2011-10-19 10:31:00,1.65,14367.0,United Kingdom
556845,23241,TREASURE TIN GYMKHANA DESIGN,6,2011-06-15 11:30:00,2.08,17511.0,United Kingdom
554080,20971,PINK BLUE FELT CRAFT TRINKET BOX,3,2011-05-22 11:42:00,1.25,16931.0,United Kingdom
579807,23458,DOLLY CABINET 3 DRAWERS ,1,2011-11-30 15:50:00,14.95,15046.0,United Kingdom
548468,84625C,BLUE NEW BAROQUE CANDLESTICK CANDLE,2,2011-03-31 12:28:00,2.95,14818.0,United Kingdom
560552,22757,LARGE RED BABUSHKA NOTEBOOK ,2,2011-07-19 12:54:00,1.25,15311.0,United Kingdom
552364,84755,COLOUR GLASS T-LIGHT HOLDER HANGING,16,2011-05-09 12:25:00,0.65,13004.0,United Kingdom
575147,21915,RED  HARMONICA IN BOX ,48,2011-11-08 15:45:00,1.25,17937.0,United Kingdom
554118,21877,HOME SWEET HOME MUG,12,2011-05-22 15:26:00,1.25,16592.0,United Kingdom
562019,23203,JUMBO BAG DOILEY PATTERNS,20,2011-08-01 14:57:00,2.08,14709.0,United Kingdom
555347,23208,LUNCH BAG VINTAGE LEAF DESIGN,10,2011-06-02 12:04:00,1.65,14389.0,United Kingdom
547656,20658,RED RETROSPOT LUGGAGE TAG,1,2011-03-24 12:53:00,1.25,13263.0,United Kingdom
555524,21155,RED RETROSPOT PEG BAG,1,2011-06-05 11:37:00,2.55,16923.0,United Kingdom
577736,16235,RECYCLED PENCIL WITH RABBIT ERASER,20,2011-11-21 13:20:00,0.21,14606.0,United Kingdom
576567,22130,PARTY CONE CHRISTMAS DECORATION ,18,2011-11-15 13:41:00,0.85,17220.0,United Kingdom
564526,22417,PACK OF 60 SPACEBOY CAKE CASES,24,2011-08-25 14:50:00,0.55,15805.0,United Kingdom
572866,22384,LUNCH BAG PINK POLKADOT,1,2011-10-26 13:07:00,1.65,15005.0,United Kingdom
544461,22686,FRENCH BLUE METAL DOOR SIGN No,20,2011-02-20 14:08:00,1.25,13744.0,United Kingdom
571563,85049A,TRADITIONAL CHRISTMAS RIBBONS,12,2011-10-18 10:07:00,1.25,16249.0,United Kingdom
580113,23082,SET 6 PAPER TABLE LANTERN HEARTS ,6,2011-12-01 16:05:00,3.75,14766.0,United Kingdom
547382,47599A,PINK PARTY BAGS,3,2011-03-22 15:31:00,2.1,15457.0,United Kingdom
579170,21901,"KEY FOB , BACK DOOR ",4,2011-11-28 14:26:00,0.65,17811.0,United Kingdom
575482,22165,"DIAMANTE HEART SHAPED WALL MIRROR, ",1,2011-11-09 16:33:00,12.75,15916.0,United Kingdom
545059,85049H,URBAN BLACK RIBBONS ,1,2011-02-27 13:04:00,1.25,14157.0,United Kingdom
566562,21328,BALLOONS  WRITING SET ,6,2011-09-13 12:18:00,1.65,17365.0,United Kingdom
567478,23243,SET OF TEA COFFEE SUGAR TINS PANTRY,4,2011-09-20 13:21:00,4.95,12584.0,Italy
549249,79190B,RETRO PLASTIC POLKA TRAY,15,2011-04-07 12:04:00,0.42,12423.0,Belgium
564856,21467,CHERRY CROCHET FOOD COVER,18,2011-08-31 09:11:00,3.75,12477.0,Germany
547946,21448,12 DAISY PEGS IN WOOD BOX,12,2011-03-28 14:59:00,1.65,12971.0,United Kingdom
576633,22111,SCOTTIE DOG HOT WATER BOTTLE,9,2011-11-16 09:27:00,4.95,13297.0,United Kingdom
548730,21931,JUMBO STORAGE BAG SUKI,50,2011-04-04 10:11:00,2.08,17669.0,United Kingdom
560360,82582,AREA PATROLLED METAL SIGN,12,2011-07-18 11:55:00,2.1,12744.0,Singapore
547240,22993,SET OF 4 PANTRY JELLY MOULDS,4,2011-03-21 16:32:00,1.25,17585.0,United Kingdom
558441,22613,PACK OF 20 SPACEBOY NAPKINS,1,2011-06-29 12:59:00,0.85,14606.0,United Kingdom
548632,20727,LUNCH BAG  BLACK SKULL.,10,2011-04-01 12:25:00,1.65,17701.0,United Kingdom
536802,22837,HOT WATER BOTTLE BABUSHKA ,4,2010-12-02 16:29:00,4.65,17412.0,United Kingdom
560366,21829,DINOSAUR KEYRINGS ASSORTED,36,2011-07-18 12:19:00,0.21,16859.0,United Kingdom
579146,23357,HOT WATER BOTTLE SEX BOMB,3,2011-11-28 13:14:00,4.95,16347.0,United Kingdom
556776,22024,RAINY LADIES BIRTHDAY CARD,12,2011-06-14 12:24:00,0.42,14730.0,United Kingdom
548952,20675,BLUE POLKADOT BOWL,6,2011-04-05 10:46:00,1.25,15572.0,United Kingdom
543002,16156S,WRAP PINK FAIRY CAKES ,25,2011-02-02 12:36:00,0.42,13491.0,United Kingdom
540353,21500,PINK POLKADOT WRAP ,25,2011-01-06 14:53:00,0.42,13764.0,United Kingdom
551956,23132,SMALL IVORY HEART WALL ORGANISER,1,2011-05-05 12:22:00,5.75,15021.0,United Kingdom
567182,84375,SET OF 20 KIDS COOKIE CUTTERS,6,2011-09-18 15:21:00,2.1,13334.0,United Kingdom
566073,84030E,ENGLISH ROSE HOT WATER BOTTLE,2,2011-09-08 19:58:00,4.25,14562.0,United Kingdom
577773,22263,FELT EGG COSY LADYBIRD ,2,2011-11-21 15:57:00,0.85,16712.0,United Kingdom
557762,21987,PACK OF 6 SKULL PAPER CUPS,12,2011-06-22 14:01:00,0.65,15810.0,United Kingdom
551014,22193,RED DINER WALL CLOCK,2,2011-04-26 11:04:00,8.5,13209.0,United Kingdom
545079,22745,POPPY'S PLAYHOUSE BEDROOM ,1,2011-02-28 10:30:00,2.1,18283.0,United Kingdom
563661,22383,LUNCH BAG SUKI DESIGN ,10,2011-08-18 11:23:00,1.65,13048.0,United Kingdom
576326,22097,SWALLOW SQUARE TISSUE BOX,1,2011-11-14 15:18:00,0.39,16504.0,United Kingdom
537692,22295,HEART FILIGREE DOVE LARGE,24,2010-12-08 10:40:00,1.65,14796.0,United Kingdom
580677,22577,WOODEN HEART CHRISTMAS SCANDINAVIAN,1,2011-12-05 14:40:00,0.29,16200.0,United Kingdom
569319,23543,KEEP CALM WALL ART ,6,2011-10-03 12:17:00,7.45,14290.0,United Kingdom
561085,20713,JUMBO BAG OWLS,10,2011-07-25 09:26:00,2.08,14367.0,United Kingdom
579146,23271,CHRISTMAS TABLE SILVER CANDLE SPIKE,32,2011-11-28 13:14:00,0.83,16347.0,United Kingdom
574619,23344,JUMBO BAG 50'S CHRISTMAS ,3,2011-11-06 11:18:00,2.08,15952.0,United Kingdom
577315,47471,RAINBOW PEGS PHOTO CLIP STRING,1,2011-11-18 13:25:00,0.65,17811.0,United Kingdom
541204,82580,BATHROOM METAL SIGN,12,2011-01-14 12:22:00,0.55,14175.0,United Kingdom
562807,21977,PACK OF 60 PINK PAISLEY CAKE CASES,120,2011-08-09 14:57:00,0.42,16053.0,United Kingdom
545399,22485,SET OF 2 WOODEN MARKET CRATES,2,2011-03-02 11:48:00,12.75,14934.0,Channel Islands
552268,23202,JUMBO BAG VINTAGE LEAF,20,2011-05-08 11:49:00,2.08,14709.0,United Kingdom
545021,21773,DECORATIVE ROSE BATHROOM BOTTLE,12,2011-02-25 14:11:00,1.25,17663.0,United Kingdom
537154,22729,ALARM CLOCK BAKELIKE ORANGE,2,2010-12-05 13:05:00,3.75,15808.0,United Kingdom
547687,21929,JUMBO BAG PINK VINTAGE PAISLEY,10,2011-03-24 14:52:00,1.95,15078.0,United Kingdom
549563,82011C,BATHROOM SCALES FOOTPRINTS IN SAND,1,2011-04-10 14:02:00,3.75,14030.0,United Kingdom
569638,22192,BLUE DINER WALL CLOCK,2,2011-10-05 12:15:00,8.5,16140.0,United Kingdom
560445,23192,BUNDLE OF 3 ALPHABET EXERCISE BOOKS,48,2011-07-19 09:08:00,1.45,14156.0,EIRE
574720,21616,4 PEAR BOTANICAL DINNER CANDLES,6,2011-11-06 14:39:00,1.25,14547.0,United Kingdom
580054,85227,SET OF 6 3D KIT CARDS FOR KIDS,6,2011-12-01 13:08:00,0.85,18122.0,United Kingdom
545165,48184,DOORMAT ENGLISH ROSE ,1,2011-02-28 13:41:00,7.95,16339.0,United Kingdom
566605,22077,6 RIBBONS RUSTIC CHARM,2,2011-09-13 16:27:00,1.95,13263.0,United Kingdom
568144,84929,ASSTD FRUIT+FLOWERS FRIDGE MAGNETS,24,2011-09-25 11:29:00,0.19,14005.0,United Kingdom
570482,20728,LUNCH BAG CARS BLUE,2,2011-10-10 17:00:00,1.65,17459.0,United Kingdom
550515,21402,RED  EGG  SPOON,4,2011-04-18 17:29:00,0.12,14502.0,United Kingdom
564335,21621,VINTAGE UNION JACK BUNTING,1,2011-08-24 14:23:00,8.5,15800.0,United Kingdom
547800,21917,SET 12 KIDS  WHITE CHALK STICKS,1,2011-03-25 12:55:00,0.42,14504.0,United Kingdom
543625,22616,PACK OF 12 LONDON TISSUES ,24,2011-02-10 15:38:00,0.29,12583.0,France
557871,23208,LUNCH BAG VINTAGE LEAF DESIGN,10,2011-06-23 12:41:00,1.65,13458.0,United Kingdom
539466,48185,DOORMAT FAIRY CAKE,2,2010-12-19 12:46:00,7.95,12668.0,Germany
539320,22939,APRON APPLE DELIGHT,12,2010-12-16 19:16:00,4.95,14911.0,EIRE
576339,21949,SET OF 6 STRAWBERRY CHOPSTICKS,2,2011-11-14 15:27:00,2.46,14096.0,United Kingdom
541995,21239,PINK  POLKADOT CUP,8,2011-01-25 09:58:00,0.85,13158.0,United Kingdom
566023,21890,S/6 WOODEN SKITTLES IN COTTON BAG,12,2011-09-08 12:48:00,3.25,12955.0,United Kingdom
571942,22844,VINTAGE CREAM DOG FOOD CONTAINER,2,2011-10-20 10:06:00,8.5,17434.0,United Kingdom
560359,22348,TEA BAG PLATE RED RETROSPOT,5,2011-07-18 11:47:00,0.85,14159.0,United Kingdom
561897,21213,PACK OF 72 SKULL CAKE CASES,2,2011-07-31 15:24:00,0.55,17841.0,United Kingdom
575923,23583,LUNCH BAG PAISLEY PARK  ,10,2011-11-11 17:11:00,1.65,17069.0,United Kingdom
578519,85107,CUT GLASS T-LIGHT HOLDER OCTAGON,1,2011-11-24 13:56:00,2.55,14591.0,United Kingdom
580504,20726,LUNCH BAG WOODLAND,8,2011-12-04 13:32:00,1.65,17936.0,United Kingdom
562932,23005,TRAVEL CARD WALLET I LOVE LONDON,24,2011-08-10 16:39:00,0.42,16904.0,United Kingdom
558893,23119,PACK OF 6 LARGE FRUIT STRAWS ,12,2011-07-04 15:49:00,0.62,17581.0,United Kingdom
578074,22867,HAND WARMER BIRD DESIGN,2,2011-11-22 16:06:00,2.1,17590.0,United Kingdom
554112,20711,JUMBO BAG TOYS ,1,2011-05-22 14:44:00,2.08,17611.0,United Kingdom
562270,15056BL,EDWARDIAN PARASOL BLACK,60,2011-08-03 16:42:00,4.95,12917.0,United Kingdom
581134,21592,RETROSPOT CIGAR BOX MATCHES ,1,2011-12-07 13:12:00,0.39,16368.0,United Kingdom
575352,POST,POSTAGE,3,2011-11-09 14:56:00,18.0,12504.0,Germany
552166,22645,CERAMIC HEART FAIRY CAKE MONEY BANK,12,2011-05-06 12:21:00,1.45,13475.0,United Kingdom
553193,23144,ZINC T-LIGHT HOLDER STARS SMALL,12,2011-05-15 13:31:00,0.83,15081.0,United Kingdom
573564,23516,EMBROIDERED RIBBON REEL SOPHIE  ,6,2011-10-31 13:58:00,3.75,16127.0,United Kingdom
558963,85123A,WHITE HANGING HEART T-LIGHT HOLDER,32,2011-07-05 10:57:00,2.55,14235.0,United Kingdom
553390,20616,CHERRY BLOSSOM PASSPORT COVER,1,2011-05-16 16:41:00,2.1,17841.0,United Kingdom
561642,23310,BUBBLEGUM RING ASSORTED,30,2011-07-28 15:04:00,0.42,17965.0,United Kingdom
544087,22925,BLUE GIANT GARDEN THERMOMETER,1,2011-02-15 17:02:00,5.95,17530.0,United Kingdom
536392,22827,RUSTIC  SEVENTEEN DRAWER SIDEBOARD,1,2010-12-01 10:29:00,165.0,13705.0,United Kingdom
581379,23253,16 PIECE CUTLERY SET PANTRY DESIGN,2,2011-12-08 12:50:00,15.95,13954.0,United Kingdom
537131,22173,METAL 4 HOOK HANGER FRENCH CHATEAU,2,2010-12-05 12:26:00,2.95,15716.0,United Kingdom
547203,21418,STARFISH SOAP DISH,6,2011-03-21 13:51:00,2.55,17146.0,United Kingdom
577157,21615,4 LAVENDER BOTANICAL DINNER CANDLES,12,2011-11-18 09:58:00,1.25,12451.0,Switzerland
580188,21098,CHRISTMAS TOILET ROLL,6,2011-12-02 12:02:00,1.25,16440.0,United Kingdom
562680,23206,LUNCH BAG APPLE DESIGN,2,2011-08-08 13:46:00,1.65,17954.0,United Kingdom
555565,22712,CARD DOLLY GIRL ,12,2011-06-05 15:06:00,0.42,15298.0,United Kingdom
564335,23243,SET OF TEA COFFEE SUGAR TINS PANTRY,2,2011-08-24 14:23:00,4.95,15800.0,United Kingdom
579458,85199S,SMALL HANGING IVORY/RED WOOD BIRD,1,2011-11-29 14:38:00,0.42,16549.0,United Kingdom
539042,22421,LIPSTICK PEN FUSCHIA,24,2010-12-15 15:37:00,0.42,15062.0,United Kingdom
541481,85183A,CHARLIE & LOLA WASTEPAPER BIN BLUE,6,2011-01-18 12:09:00,3.75,14696.0,United Kingdom
538637,22975,SPACEBOY CHILDRENS EGG CUP,2,2010-12-13 13:52:00,1.25,17611.0,United Kingdom
554151,22631,CIRCUS PARADE LUNCH BOX ,6,2011-05-23 11:07:00,1.95,14049.0,United Kingdom
559359,21669,BLUE STRIPE CERAMIC DRAWER KNOB,6,2011-07-07 19:18:00,1.25,14702.0,United Kingdom
544068,20675,BLUE POLKADOT BOWL,2,2011-02-15 14:08:00,1.25,16431.0,United Kingdom
544399,84375,SET OF 20 KIDS COOKIE CUTTERS,12,2011-02-18 12:28:00,2.1,12594.0,Italy
563167,85032B,BLOSSOM IMAGES GIFT WRAP SET,12,2011-08-12 12:37:00,0.65,14696.0,United Kingdom
557213,23212,HEART WREATH DECORATION WITH BELL,4,2011-06-17 12:16:00,1.25,15021.0,United Kingdom
539040,22487,WHITE WOOD GARDEN PLANT LADDER,1,2010-12-15 15:14:00,9.95,17214.0,United Kingdom
577469,22066,LOVE HEART TRINKET POT,16,2011-11-20 11:25:00,0.39,15009.0,United Kingdom
541012,21500,PINK POLKADOT WRAP ,25,2011-01-13 11:48:00,0.42,17019.0,United Kingdom
569570,21844,RED RETROSPOT MUG,252,2011-10-05 10:06:00,2.55,16684.0,United Kingdom
572475,22816,CARD MOTORBIKE SANTA,12,2011-10-24 13:37:00,0.42,15271.0,United Kingdom
553221,22668,PINK BABY BUNTING,15,2011-05-16 09:58:00,2.95,16607.0,United Kingdom
546875,23193,BUFFALO BILL TREASURE BOOK BOX,8,2011-03-17 16:38:00,2.25,12514.0,Italy
580298,23444,Next Day Carriage,1,2011-12-02 13:54:00,15.0,17086.0,United Kingdom
564342,22099,CARAVAN SQUARE TISSUE BOX,1,2011-08-24 14:53:00,0.39,16340.0,United Kingdom
538744,22629,SPACEBOY LUNCH BOX ,3,2010-12-14 11:26:00,1.95,15356.0,United Kingdom
554350,21539,RED RETROSPOT BUTTER DISH,3,2011-05-24 08:51:00,4.95,13523.0,United Kingdom
568191,22941,CHRISTMAS LIGHTS 10 REINDEER,6,2011-09-25 14:37:00,8.5,16655.0,United Kingdom
567339,23169,CLASSIC GLASS COOKIE JAR,6,2011-09-19 15:01:00,4.15,14146.0,United Kingdom
573830,79160,HEART SHAPE WIRELESS DOORBELL,3,2011-11-01 11:35:00,2.1,16960.0,United Kingdom
570983,23321,SMALL WHITE HEART OF WICKER,3,2011-10-13 11:57:00,1.65,14963.0,United Kingdom
549320,22266,EASTER DECORATION HANGING BUNNY,4,2011-04-08 10:14:00,0.65,16010.0,United Kingdom
559557,23242,TREASURE TIN BUFFALO BILL ,6,2011-07-11 10:33:00,2.08,17444.0,Canada
543821,22456,NATURAL SLATE CHALKBOARD LARGE ,3,2011-02-14 09:24:00,4.95,17667.0,United Kingdom
552469,22717,CARD DOG AND BALL ,12,2011-05-09 15:34:00,0.42,12867.0,United Kingdom
568577,22634,CHILDS BREAKFAST SET SPACEBOY ,2,2011-09-28 09:41:00,9.95,15301.0,United Kingdom
575848,22222,CAKE PLATE LOVEBIRD WHITE,1,2011-11-11 12:10:00,4.95,14178.0,United Kingdom
574677,23309,SET OF 60 I LOVE LONDON CAKE CASES ,1,2011-11-06 12:32:00,0.55,16445.0,United Kingdom
574532,23439,HAND WARMER RED LOVE HEART,12,2011-11-04 14:19:00,2.1,15676.0,United Kingdom
559668,22469,HEART OF WICKER SMALL,12,2011-07-11 13:40:00,1.65,13394.0,United Kingdom
554161,22624,IVORY KITCHEN SCALES,2,2011-05-23 11:49:00,8.5,12464.0,Belgium
572194,84596F,SMALL MARSHMALLOWS PINK BOWL,1,2011-10-21 11:43:00,0.42,17832.0,United Kingdom
565453,22086,PAPER CHAIN KIT 50'S CHRISTMAS ,12,2011-09-04 16:05:00,2.95,15136.0,United Kingdom
568665,22383,LUNCH BAG SUKI DESIGN ,10,2011-09-28 12:52:00,1.65,13018.0,United Kingdom
574501,22327,ROUND SNACK BOXES SET OF 4 SKULLS,4,2011-11-04 13:15:00,2.95,12577.0,France
576695,23394,POSTE FRANCE CUSHION COVER,1,2011-11-16 12:25:00,3.75,16469.0,United Kingdom
572301,21216,"SET 3 RETROSPOT TEA,COFFEE,SUGAR",1,2011-10-23 14:41:00,4.95,16794.0,United Kingdom
555841,22327,ROUND SNACK BOXES SET OF 4 SKULLS,1,2011-06-07 12:47:00,2.95,14583.0,United Kingdom
578488,22555,PLASTERS IN TIN STRONGMAN,1,2011-11-24 12:53:00,1.65,12784.0,Portugal
558538,22382,LUNCH BAG SPACEBOY DESIGN ,2,2011-06-30 12:12:00,1.65,15005.0,United Kingdom
550000,22672,FRENCH BATHROOM SIGN BLUE METAL,12,2011-04-14 09:18:00,1.65,17058.0,United Kingdom
537622,15056N,EDWARDIAN PARASOL NATURAL,2,2010-12-07 14:30:00,5.95,13173.0,United Kingdom
551305,22508,DOORSTOP RETROSPOT HEART,4,2011-04-27 14:58:00,3.75,16145.0,United Kingdom
546426,23230,WRAP ALPHABET DESIGN,25,2011-03-13 13:46:00,0.42,13708.0,United Kingdom
579069,21620,SET OF 4 ROSE BOTANICAL CANDLES,12,2011-11-28 10:31:00,1.25,14911.0,EIRE
557636,21673,WHITE SPOT BLUE CERAMIC DRAWER KNOB,6,2011-06-21 15:41:00,1.25,17841.0,United Kingdom
551148,84970L,SINGLE HEART ZINC T-LIGHT HOLDER,48,2011-04-26 14:12:00,0.95,15939.0,United Kingdom
548276,22716,CARD CIRCUS PARADE,24,2011-03-30 11:39:00,0.42,17863.0,United Kingdom
547081,48138,DOORMAT UNION FLAG,2,2011-03-20 15:07:00,7.95,14205.0,United Kingdom
574673,21329,DINOSAURS  WRITING SET ,1,2011-11-06 12:26:00,1.65,15555.0,United Kingdom
565684,23028,DRAWER KNOB CRACKLE GLAZE BLUE,6,2011-09-06 10:46:00,1.65,16455.0,United Kingdom
557764,20727,LUNCH BAG  BLACK SKULL.,12,2011-06-22 14:21:00,1.65,13089.0,United Kingdom
562023,22212,FOUR HOOK  WHITE LOVEBIRDS,6,2011-08-01 15:57:00,2.1,16814.0,United Kingdom
546765,21080,SET/20 RED RETROSPOT PAPER NAPKINS ,12,2011-03-16 14:37:00,0.85,12437.0,France
575837,23189,SET OF 12 FORK CANDLES,1,2011-11-11 11:37:00,2.89,12748.0,United Kingdom
566932,22771,CLEAR DRAWER KNOB ACRYLIC EDWARDIAN,12,2011-09-15 15:29:00,1.25,17576.0,United Kingdom
576076,21989,PACK OF 20 SKULL PAPER NAPKINS,1,2011-11-13 16:18:00,0.85,14382.0,United Kingdom
554181,22686,FRENCH BLUE METAL DOOR SIGN No,12,2011-05-23 12:09:00,1.25,13078.0,United Kingdom
555577,21539,RED RETROSPOT BUTTER DISH,3,2011-06-05 15:53:00,4.95,15301.0,United Kingdom
574714,23313,VINTAGE CHRISTMAS BUNTING,1,2011-11-06 14:29:00,4.95,15427.0,United Kingdom
544097,84836,ZINC METAL HEART DECORATION,48,2011-02-16 09:56:00,1.25,12455.0,Cyprus
545067,22469,HEART OF WICKER SMALL,2,2011-02-27 14:49:00,1.65,17894.0,United Kingdom
556912,23256,CHILDRENS CUTLERY SPACEBOY ,1,2011-06-15 13:26:00,4.15,15005.0,United Kingdom
567504,22909,SET OF 20 VINTAGE CHRISTMAS NAPKINS,12,2011-09-20 14:33:00,0.85,13356.0,United Kingdom
576339,84991,60 TEATIME FAIRY CAKE CASES,2,2011-11-14 15:27:00,1.25,14096.0,United Kingdom
575753,84509B,SET OF 4 FAIRY CAKE PLACEMATS,1,2011-11-11 10:41:00,3.75,17841.0,United Kingdom
546422,22173,METAL 4 HOOK HANGER FRENCH CHATEAU,3,2011-03-13 11:38:00,2.95,15547.0,United Kingdom
562370,23311,VINTAGE CHRISTMAS STOCKING ,12,2011-08-04 14:20:00,2.55,12626.0,Germany
574746,23582,VINTAGE DOILY JUMBO BAG RED ,30,2011-11-07 08:30:00,2.08,16523.0,United Kingdom
564173,22492,MINI PAINT SET VINTAGE ,36,2011-08-23 14:23:00,0.65,12567.0,France
580653,21172,PARTY METAL SIGN ,12,2011-12-05 13:34:00,1.45,17706.0,United Kingdom
564092,22692,DOORMAT WELCOME TO OUR HOME,6,2011-08-23 10:24:00,7.95,13767.0,United Kingdom
574733,82494L,WOODEN FRAME ANTIQUE WHITE ,6,2011-11-06 15:17:00,2.95,17082.0,United Kingdom
540856,22723,SET OF 6 HERB TINS SKETCHBOOK,4,2011-01-12 10:16:00,3.95,16655.0,United Kingdom
547882,84625C,BLUE NEW BAROQUE CANDLESTICK CANDLE,24,2011-03-28 07:53:00,0.85,14911.0,EIRE
574691,22227,HANGING HEART MIRROR DECORATION ,6,2011-11-06 13:17:00,0.65,14174.0,United Kingdom
568316,21733,RED HANGING HEART T-LIGHT HOLDER,2,2011-09-26 13:21:00,2.95,16407.0,United Kingdom
537818,21888,BINGO SET,8,2010-12-08 13:53:00,3.75,12766.0,Portugal
574032,21615,4 LAVENDER BOTANICAL DINNER CANDLES,12,2011-11-02 12:37:00,1.25,17754.0,United Kingdom
